case_id,image_path,source,label,split,quality,notes
NORMAL-LUNG_00001,data/normal_lung_probe/NORMAL-LUNG_00001_normal_004.jpg,fkarimovv/normal-lung,normal,external,unknown,Imported from 004.JPG
NORMAL-LUNG_00002,data/normal_lung_probe/NORMAL-LUNG_00002_normal_005.jpg,fkarimovv/normal-lung,normal,external,unknown,Imported from 005.JPG
NORMAL-LUNG_00003,data/normal_lung_probe/NORMAL-LUNG_00003_normal_008.jpg,fkarimovv/normal-lung,normal,external,unknown,Imported from 008.JPG
NORMAL-LUNG_00004,data/normal_lung_probe/NORMAL-LUNG_00004_normal_010.jpg,fkarimovv/normal-lung,normal,external,unknown,Imported from 010.JPG
NORMAL-LUNG_00005,data/normal_lung_probe/NORMAL-LUNG_00005_normal_011.jpg,fkarimovv/normal-lung,normal,external,unknown,Imported from 011.JPG
NORMAL-LUNG_00006,data/normal_lung_probe/NORMAL-LUNG_00006_normal_012.jpg,fkarimovv/normal-lung,normal,external,unknown,Imported from 012.JPG
NORMAL-LUNG_00007,data/normal_lung_probe/NORMAL-LUNG_00007_normal_013.jpg,fkarimovv/normal-lung,normal,external,unknown,Imported from 013.JPG
NORMAL-LUNG_00008,data/normal_lung_probe/NORMAL-LUNG_00008_normal_014.jpg,fkarimovv/normal-lung,normal,external,unknown,Imported from 014.JPG
NORMAL-LUNG_00009,data/normal_lung_probe/NORMAL-LUNG_00009_normal_015.jpg,fkarimovv/normal-lung,normal,external,unknown,Imported from 015.JPG
NORMAL-LUNG_00010,data/normal_lung_probe/NORMAL-LUNG_00010_normal_016.jpg,fkarimovv/normal-lung,normal,external,unknown,Imported from 016.JPG
NORMAL-LUNG_00011,data/normal_lung_probe/NORMAL-LUNG_00011_normal_017.jpg,fkarimovv/normal-lung,normal,external,unknown,Imported from 017.JPG
NORMAL-LUNG_00012,data/normal_lung_probe/NORMAL-LUNG_00012_normal_018.jpg,fkarimovv/normal-lung,normal,external,unknown,Imported from 018.JPG
NORMAL-LUNG_00013,data/normal_lung_probe/NORMAL-LUNG_00013_normal_020.jpg,fkarimovv/normal-lung,normal,external,unknown,Imported from 020.JPG
NORMAL-LUNG_00014,data/normal_lung_probe/NORMAL-LUNG_00014_normal_021.jpg,fkarimovv/normal-lung,normal,external,unknown,Imported from 021.JPG
NORMAL-LUNG_00015,data/normal_lung_probe/NORMAL-LUNG_00015_normal_023.jpg,fkarimovv/normal-lung,normal,external,unknown,Imported from 023.JPG
NORMAL-LUNG_00016,data/normal_lung_probe/NORMAL-LUNG_00016_normal_024.jpg,fkarimovv/normal-lung,normal,external,unknown,Imported from 024.JPG
NORMAL-LUNG_00017,data/normal_lung_probe/NORMAL-LUNG_00017_normal_025.jpg,fkarimovv/normal-lung,normal,external,unknown,Imported from 025.JPG
NORMAL-LUNG_00018,data/normal_lung_probe/NORMAL-LUNG_00018_normal_027.jpg,fkarimovv/normal-lung,normal,external,unknown,Imported from 027.JPG
NORMAL-LUNG_00019,data/normal_lung_probe/NORMAL-LUNG_00019_normal_028.jpg,fkarimovv/normal-lung,normal,external,unknown,Imported from 028.JPG
NORMAL-LUNG_00020,data/normal_lung_probe/NORMAL-LUNG_00020_normal_029.jpg,fkarimovv/normal-lung,normal,external,unknown,Imported from 029.JPG
NORMAL-LUNG_00021,data/normal_lung_probe/NORMAL-LUNG_00021_normal_030.jpg,fkarimovv/normal-lung,normal,external,unknown,Imported from 030.JPG
NORMAL-LUNG_00022,data/normal_lung_probe/NORMAL-LUNG_00022_normal_031.jpg,fkarimovv/normal-lung,normal,external,unknown,Imported from 031.JPG
NORMAL-LUNG_00023,data/normal_lung_probe/NORMAL-LUNG_00023_normal_033.jpg,fkarimovv/normal-lung,normal,external,unknown,Imported from 033.JPG
NORMAL-LUNG_00024,data/normal_lung_probe/NORMAL-LUNG_00024_normal_034.jpg,fkarimovv/normal-lung,normal,external,unknown,Imported from 034.JPG
NORMAL-LUNG_00025,data/normal_lung_probe/NORMAL-LUNG_00025_normal_035.jpg,fkarimovv/normal-lung,normal,external,unknown,Imported from 035.JPG
NORMAL-LUNG_00026,data/normal_lung_probe/NORMAL-LUNG_00026_normal_036.jpg,fkarimovv/normal-lung,normal,external,unknown,Imported from 036.JPG
NORMAL-LUNG_00027,data/normal_lung_probe/NORMAL-LUNG_00027_normal_037.jpg,fkarimovv/normal-lung,normal,external,unknown,Imported from 037.JPG
NORMAL-LUNG_00028,data/normal_lung_probe/NORMAL-LUNG_00028_normal_039.jpg,fkarimovv/normal-lung,normal,external,unknown,Imported from 039.JPG
NORMAL-LUNG_00029,data/normal_lung_probe/NORMAL-LUNG_00029_normal_040.jpg,fkarimovv/normal-lung,normal,external,unknown,Imported from 040.JPG
NORMAL-LUNG_00030,data/normal_lung_probe/NORMAL-LUNG_00030_normal_041.jpg,fkarimovv/normal-lung,normal,external,unknown,Imported from 041.JPG
NORMAL-LUNG_00031,data/normal_lung_probe/NORMAL-LUNG_00031_normal_042.jpg,fkarimovv/normal-lung,normal,external,unknown,Imported from 042.JPG
NORMAL-LUNG_00032,data/normal_lung_probe/NORMAL-LUNG_00032_normal_043.jpg,fkarimovv/normal-lung,normal,external,unknown,Imported from 043.JPG
NORMAL-LUNG_00033,data/normal_lung_probe/NORMAL-LUNG_00033_normal_044.jpg,fkarimovv/normal-lung,normal,external,unknown,Imported from 044.JPG
NORMAL-LUNG_00034,data/normal_lung_probe/NORMAL-LUNG_00034_normal_045.jpg,fkarimovv/normal-lung,normal,external,unknown,Imported from 045.JPG
NORMAL-LUNG_00035,data/normal_lung_probe/NORMAL-LUNG_00035_normal_046.jpg,fkarimovv/normal-lung,normal,external,unknown,Imported from 046.JPG
NORMAL-LUNG_00036,data/normal_lung_probe/NORMAL-LUNG_00036_normal_047.jpg,fkarimovv/normal-lung,normal,external,unknown,Imported from 047.JPG
NORMAL-LUNG_00037,data/normal_lung_probe/NORMAL-LUNG_00037_normal_049.jpg,fkarimovv/normal-lung,normal,external,unknown,Imported from 049.JPG
NORMAL-LUNG_00038,data/normal_lung_probe/NORMAL-LUNG_00038_normal_050.jpg,fkarimovv/normal-lung,normal,external,unknown,Imported from 050.JPG
NORMAL-LUNG_00039,data/normal_lung_probe/NORMAL-LUNG_00039_normal_051.jpg,fkarimovv/normal-lung,normal,external,unknown,Imported from 051.JPG
NORMAL-LUNG_00040,data/normal_lung_probe/NORMAL-LUNG_00040_normal_052.jpg,fkarimovv/normal-lung,normal,external,unknown,Imported from 052.JPG
NORMAL-LUNG_00041,data/normal_lung_probe/NORMAL-LUNG_00041_normal_053.jpg,fkarimovv/normal-lung,normal,external,unknown,Imported from 053.JPG
NORMAL-LUNG_00042,data/normal_lung_probe/NORMAL-LUNG_00042_normal_054.jpg,fkarimovv/normal-lung,normal,external,unknown,Imported from 054.JPG
NORMAL-LUNG_00043,data/normal_lung_probe/NORMAL-LUNG_00043_normal_055.jpg,fkarimovv/normal-lung,normal,external,unknown,Imported from 055.JPG
NORMAL-LUNG_00044,data/normal_lung_probe/NORMAL-LUNG_00044_normal_056.jpg,fkarimovv/normal-lung,normal,external,unknown,Imported from 056.JPG
NORMAL-LUNG_00045,data/normal_lung_probe/NORMAL-LUNG_00045_normal_058.jpg,fkarimovv/normal-lung,normal,external,unknown,Imported from 058.JPG
NORMAL-LUNG_00046,data/normal_lung_probe/NORMAL-LUNG_00046_normal_059.jpg,fkarimovv/normal-lung,normal,external,unknown,Imported from 059.JPG
NORMAL-LUNG_00047,data/normal_lung_probe/NORMAL-LUNG_00047_normal_060.jpg,fkarimovv/normal-lung,normal,external,unknown,Imported from 060.JPG
NORMAL-LUNG_00048,data/normal_lung_probe/NORMAL-LUNG_00048_normal_061.jpg,fkarimovv/normal-lung,normal,external,unknown,Imported from 061.JPG
NORMAL-LUNG_00049,data/normal_lung_probe/NORMAL-LUNG_00049_normal_062.jpg,fkarimovv/normal-lung,normal,external,unknown,Imported from 062.JPG
NORMAL-LUNG_00050,data/normal_lung_probe/NORMAL-LUNG_00050_normal_063.jpg,fkarimovv/normal-lung,normal,external,unknown,Imported from 063.JPG
NORMAL-LUNG_00051,data/normal_lung_probe/NORMAL-LUNG_00051_normal_064.jpg,fkarimovv/normal-lung,normal,external,unknown,Imported from 064.JPG
NORMAL-LUNG_00052,data/normal_lung_probe/NORMAL-LUNG_00052_normal_065.jpg,fkarimovv/normal-lung,normal,external,unknown,Imported from 065.JPG
NORMAL-LUNG_00053,data/normal_lung_probe/NORMAL-LUNG_00053_normal_066.jpg,fkarimovv/normal-lung,normal,external,unknown,Imported from 066.JPG
NORMAL-LUNG_00054,data/normal_lung_probe/NORMAL-LUNG_00054_normal_067.jpg,fkarimovv/normal-lung,normal,external,unknown,Imported from 067.JPG
NORMAL-LUNG_00055,data/normal_lung_probe/NORMAL-LUNG_00055_normal_069.jpg,fkarimovv/normal-lung,normal,external,unknown,Imported from 069.JPG
NORMAL-LUNG_00056,data/normal_lung_probe/NORMAL-LUNG_00056_normal_071.jpg,fkarimovv/normal-lung,normal,external,unknown,Imported from 071.JPG
NORMAL-LUNG_00057,data/normal_lung_probe/NORMAL-LUNG_00057_normal_072.jpg,fkarimovv/normal-lung,normal,external,unknown,Imported from 072.JPG
NORMAL-LUNG_00058,data/normal_lung_probe/NORMAL-LUNG_00058_normal_074.jpg,fkarimovv/normal-lung,normal,external,unknown,Imported from 074.JPG
NORMAL-LUNG_00059,data/normal_lung_probe/NORMAL-LUNG_00059_normal_075.jpg,fkarimovv/normal-lung,normal,external,unknown,Imported from 075.JPG
NORMAL-LUNG_00060,data/normal_lung_probe/NORMAL-LUNG_00060_normal_076.jpg,fkarimovv/normal-lung,normal,external,unknown,Imported from 076.JPG
NORMAL-LUNG_00061,data/normal_lung_probe/NORMAL-LUNG_00061_normal_077.jpg,fkarimovv/normal-lung,normal,external,unknown,Imported from 077.JPG
NORMAL-LUNG_00062,data/normal_lung_probe/NORMAL-LUNG_00062_normal_079.jpg,fkarimovv/normal-lung,normal,external,unknown,Imported from 079.JPG
NORMAL-LUNG_00063,data/normal_lung_probe/NORMAL-LUNG_00063_normal_080.jpg,fkarimovv/normal-lung,normal,external,unknown,Imported from 080.JPG
NORMAL-LUNG_00064,data/normal_lung_probe/NORMAL-LUNG_00064_normal_081.jpg,fkarimovv/normal-lung,normal,external,unknown,Imported from 081.JPG
NORMAL-LUNG_00065,data/normal_lung_probe/NORMAL-LUNG_00065_normal_082.jpg,fkarimovv/normal-lung,normal,external,unknown,Imported from 082.JPG
NORMAL-LUNG_00066,data/normal_lung_probe/NORMAL-LUNG_00066_normal_083.jpg,fkarimovv/normal-lung,normal,external,unknown,Imported from 083.JPG
NORMAL-LUNG_00067,data/normal_lung_probe/NORMAL-LUNG_00067_normal_084.jpg,fkarimovv/normal-lung,normal,external,unknown,Imported from 084.JPG
NORMAL-LUNG_00068,data/normal_lung_probe/NORMAL-LUNG_00068_normal_085.jpg,fkarimovv/normal-lung,normal,external,unknown,Imported from 085.JPG
NORMAL-LUNG_00069,data/normal_lung_probe/NORMAL-LUNG_00069_normal_088.jpg,fkarimovv/normal-lung,normal,external,unknown,Imported from 088.JPG
NORMAL-LUNG_00070,data/normal_lung_probe/NORMAL-LUNG_00070_normal_089.jpg,fkarimovv/normal-lung,normal,external,unknown,Imported from 089.JPG
NORMAL-LUNG_00071,data/normal_lung_probe/NORMAL-LUNG_00071_normal_091.jpg,fkarimovv/normal-lung,normal,external,unknown,Imported from 091.JPG
NORMAL-LUNG_00072,data/normal_lung_probe/NORMAL-LUNG_00072_normal_092.jpg,fkarimovv/normal-lung,normal,external,unknown,Imported from 092.JPG
NORMAL-LUNG_00073,data/normal_lung_probe/NORMAL-LUNG_00073_normal_093.jpg,fkarimovv/normal-lung,normal,external,unknown,Imported from 093.JPG
NORMAL-LUNG_00074,data/normal_lung_probe/NORMAL-LUNG_00074_normal_094.jpg,fkarimovv/normal-lung,normal,external,unknown,Imported from 094.JPG
NORMAL-LUNG_00075,data/normal_lung_probe/NORMAL-LUNG_00075_normal_096.jpg,fkarimovv/normal-lung,normal,external,unknown,Imported from 096.JPG
NORMAL-LUNG_00076,data/normal_lung_probe/NORMAL-LUNG_00076_normal_097.jpg,fkarimovv/normal-lung,normal,external,unknown,Imported from 097.JPG
NORMAL-LUNG_00077,data/normal_lung_probe/NORMAL-LUNG_00077_normal_101.jpg,fkarimovv/normal-lung,normal,external,unknown,Imported from 101.JPG
NORMAL-LUNG_00078,data/normal_lung_probe/NORMAL-LUNG_00078_normal_102.jpg,fkarimovv/normal-lung,normal,external,unknown,Imported from 102.JPG
NORMAL-LUNG_00079,data/normal_lung_probe/NORMAL-LUNG_00079_normal_103.jpg,fkarimovv/normal-lung,normal,external,unknown,Imported from 103.JPG
NORMAL-LUNG_00080,data/normal_lung_probe/NORMAL-LUNG_00080_normal_104.jpg,fkarimovv/normal-lung,normal,external,unknown,Imported from 104.JPG
NORMAL-LUNG_00081,data/normal_lung_probe/NORMAL-LUNG_00081_normal_105.jpg,fkarimovv/normal-lung,normal,external,unknown,Imported from 105.JPG
NORMAL-LUNG_00082,data/normal_lung_probe/NORMAL-LUNG_00082_normal_106.jpg,fkarimovv/normal-lung,normal,external,unknown,Imported from 106.JPG
NORMAL-LUNG_00083,data/normal_lung_probe/NORMAL-LUNG_00083_normal_107.jpg,fkarimovv/normal-lung,normal,external,unknown,Imported from 107.JPG
NORMAL-LUNG_00084,data/normal_lung_probe/NORMAL-LUNG_00084_normal_108.jpg,fkarimovv/normal-lung,normal,external,unknown,Imported from 108.JPG
NORMAL-LUNG_00085,data/normal_lung_probe/NORMAL-LUNG_00085_normal_109.jpg,fkarimovv/normal-lung,normal,external,unknown,Imported from 109.JPG
NORMAL-LUNG_00086,data/normal_lung_probe/NORMAL-LUNG_00086_normal_110.jpg,fkarimovv/normal-lung,normal,external,unknown,Imported from 110.JPG
NORMAL-LUNG_00087,data/normal_lung_probe/NORMAL-LUNG_00087_normal_111.jpg,fkarimovv/normal-lung,normal,external,unknown,Imported from 111.JPG
NORMAL-LUNG_00088,data/normal_lung_probe/NORMAL-LUNG_00088_normal_112.jpg,fkarimovv/normal-lung,normal,external,unknown,Imported from 112.JPG
NORMAL-LUNG_00089,data/normal_lung_probe/NORMAL-LUNG_00089_normal_113.jpg,fkarimovv/normal-lung,normal,external,unknown,Imported from 113.JPG
NORMAL-LUNG_00090,data/normal_lung_probe/NORMAL-LUNG_00090_normal_114.jpg,fkarimovv/normal-lung,normal,external,unknown,Imported from 114.JPG
NORMAL-LUNG_00091,data/normal_lung_probe/NORMAL-LUNG_00091_normal_115.jpg,fkarimovv/normal-lung,normal,external,unknown,Imported from 115.JPG
NORMAL-LUNG_00092,data/normal_lung_probe/NORMAL-LUNG_00092_normal_116.jpg,fkarimovv/normal-lung,normal,external,unknown,Imported from 116.JPG
NORMAL-LUNG_00093,data/normal_lung_probe/NORMAL-LUNG_00093_normal_118.jpg,fkarimovv/normal-lung,normal,external,unknown,Imported from 118.JPG
NORMAL-LUNG_00094,data/normal_lung_probe/NORMAL-LUNG_00094_normal_119.jpg,fkarimovv/normal-lung,normal,external,unknown,Imported from 119.JPG
NORMAL-LUNG_00095,data/normal_lung_probe/NORMAL-LUNG_00095_normal_120.jpg,fkarimovv/normal-lung,normal,external,unknown,Imported from 120.JPG
NORMAL-LUNG_00096,data/normal_lung_probe/NORMAL-LUNG_00096_normal_121.jpg,fkarimovv/normal-lung,normal,external,unknown,Imported from 121.JPG
NORMAL-LUNG_00097,data/normal_lung_probe/NORMAL-LUNG_00097_normal_122.jpg,fkarimovv/normal-lung,normal,external,unknown,Imported from 122.JPG
NORMAL-LUNG_00098,data/normal_lung_probe/NORMAL-LUNG_00098_normal_123.jpg,fkarimovv/normal-lung,normal,external,unknown,Imported from 123.JPG
NORMAL-LUNG_00099,data/normal_lung_probe/NORMAL-LUNG_00099_normal_124.jpg,fkarimovv/normal-lung,normal,external,unknown,Imported from 124.JPG
NORMAL-LUNG_00100,data/normal_lung_probe/NORMAL-LUNG_00100_normal_125.jpg,fkarimovv/normal-lung,normal,external,unknown,Imported from 125.JPG
NORMAL-LUNG_00101,data/normal_lung_probe/NORMAL-LUNG_00101_normal_126.jpg,fkarimovv/normal-lung,normal,external,unknown,Imported from 126.JPG
NORMAL-LUNG_00102,data/normal_lung_probe/NORMAL-LUNG_00102_normal_127.jpg,fkarimovv/normal-lung,normal,external,unknown,Imported from 127.JPG
NORMAL-LUNG_00103,data/normal_lung_probe/NORMAL-LUNG_00103_normal_128.jpg,fkarimovv/normal-lung,normal,external,unknown,Imported from 128.JPG
NORMAL-LUNG_00104,data/normal_lung_probe/NORMAL-LUNG_00104_normal_129.jpg,fkarimovv/normal-lung,normal,external,unknown,Imported from 129.JPG
NORMAL-LUNG_00105,data/normal_lung_probe/NORMAL-LUNG_00105_normal_130.jpg,fkarimovv/normal-lung,normal,external,unknown,Imported from 130.JPG
NORMAL-LUNG_00106,data/normal_lung_probe/NORMAL-LUNG_00106_normal_131.jpg,fkarimovv/normal-lung,normal,external,unknown,Imported from 131.JPG
NORMAL-LUNG_00107,data/normal_lung_probe/NORMAL-LUNG_00107_normal_132.jpg,fkarimovv/normal-lung,normal,external,unknown,Imported from 132.JPG
NORMAL-LUNG_00108,data/normal_lung_probe/NORMAL-LUNG_00108_normal_133.jpg,fkarimovv/normal-lung,normal,external,unknown,Imported from 133.JPG
NORMAL-LUNG_00109,data/normal_lung_probe/NORMAL-LUNG_00109_normal_134.jpg,fkarimovv/normal-lung,normal,external,unknown,Imported from 134.JPG
NORMAL-LUNG_00110,data/normal_lung_probe/NORMAL-LUNG_00110_normal_135.jpg,fkarimovv/normal-lung,normal,external,unknown,Imported from 135.JPG
NORMAL-LUNG_00111,data/normal_lung_probe/NORMAL-LUNG_00111_normal_137.jpg,fkarimovv/normal-lung,normal,external,unknown,Imported from 137.JPG
NORMAL-LUNG_00112,data/normal_lung_probe/NORMAL-LUNG_00112_normal_139.jpg,fkarimovv/normal-lung,normal,external,unknown,Imported from 139.JPG
NORMAL-LUNG_00113,data/normal_lung_probe/NORMAL-LUNG_00113_normal_140.jpg,fkarimovv/normal-lung,normal,external,unknown,Imported from 140.JPG
NORMAL-LUNG_00114,data/normal_lung_probe/NORMAL-LUNG_00114_normal_141.jpg,fkarimovv/normal-lung,normal,external,unknown,Imported from 141.JPG
NORMAL-LUNG_00115,data/normal_lung_probe/NORMAL-LUNG_00115_normal_142.jpg,fkarimovv/normal-lung,normal,external,unknown,Imported from 142.JPG
NORMAL-LUNG_00116,data/normal_lung_probe/NORMAL-LUNG_00116_normal_143.jpg,fkarimovv/normal-lung,normal,external,unknown,Imported from 143.JPG
NORMAL-LUNG_00117,data/normal_lung_probe/NORMAL-LUNG_00117_normal_144.jpg,fkarimovv/normal-lung,normal,external,unknown,Imported from 144.JPG
NORMAL-LUNG_00118,data/normal_lung_probe/NORMAL-LUNG_00118_normal_145.jpg,fkarimovv/normal-lung,normal,external,unknown,Imported from 145.JPG
NORMAL-LUNG_00119,data/normal_lung_probe/NORMAL-LUNG_00119_normal_146.jpg,fkarimovv/normal-lung,normal,external,unknown,Imported from 146.JPG
NORMAL-LUNG_00120,data/normal_lung_probe/NORMAL-LUNG_00120_normal_147.jpg,fkarimovv/normal-lung,normal,external,unknown,Imported from 147.JPG
NORMAL-LUNG_00121,data/normal_lung_probe/NORMAL-LUNG_00121_normal_148.jpg,fkarimovv/normal-lung,normal,external,unknown,Imported from 148.JPG
NORMAL-LUNG_00122,data/normal_lung_probe/NORMAL-LUNG_00122_normal_149.jpg,fkarimovv/normal-lung,normal,external,unknown,Imported from 149.JPG
NORMAL-LUNG_00123,data/normal_lung_probe/NORMAL-LUNG_00123_normal_150.jpg,fkarimovv/normal-lung,normal,external,unknown,Imported from 150.JPG
NORMAL-LUNG_00124,data/normal_lung_probe/NORMAL-LUNG_00124_normal_151.jpg,fkarimovv/normal-lung,normal,external,unknown,Imported from 151.JPG
NORMAL-LUNG_00125,data/normal_lung_probe/NORMAL-LUNG_00125_normal_152.jpg,fkarimovv/normal-lung,normal,external,unknown,Imported from 152.JPG
NORMAL-LUNG_00126,data/normal_lung_probe/NORMAL-LUNG_00126_normal_153.jpg,fkarimovv/normal-lung,normal,external,unknown,Imported from 153.JPG
NORMAL-LUNG_00127,data/normal_lung_probe/NORMAL-LUNG_00127_normal_154.jpg,fkarimovv/normal-lung,normal,external,unknown,Imported from 154.JPG
NORMAL-LUNG_00128,data/normal_lung_probe/NORMAL-LUNG_00128_normal_155.jpg,fkarimovv/normal-lung,normal,external,unknown,Imported from 155.JPG
NORMAL-LUNG_00129,data/normal_lung_probe/NORMAL-LUNG_00129_normal_156.jpg,fkarimovv/normal-lung,normal,external,unknown,Imported from 156.JPG
NORMAL-LUNG_00130,data/normal_lung_probe/NORMAL-LUNG_00130_normal_157.jpg,fkarimovv/normal-lung,normal,external,unknown,Imported from 157.JPG
NORMAL-LUNG_00131,data/normal_lung_probe/NORMAL-LUNG_00131_normal_158.jpg,fkarimovv/normal-lung,normal,external,unknown,Imported from 158.JPG
NORMAL-LUNG_00132,data/normal_lung_probe/NORMAL-LUNG_00132_normal_159.jpg,fkarimovv/normal-lung,normal,external,unknown,Imported from 159.JPG
NORMAL-LUNG_00133,data/normal_lung_probe/NORMAL-LUNG_00133_normal_160.jpg,fkarimovv/normal-lung,normal,external,unknown,Imported from 160.JPG
NORMAL-LUNG_00134,data/normal_lung_probe/NORMAL-LUNG_00134_normal_161.jpg,fkarimovv/normal-lung,normal,external,unknown,Imported from 161.JPG
NORMAL-LUNG_00135,data/normal_lung_probe/NORMAL-LUNG_00135_normal_162.jpg,fkarimovv/normal-lung,normal,external,unknown,Imported from 162.JPG
NORMAL-LUNG_00136,data/normal_lung_probe/NORMAL-LUNG_00136_normal_163.jpg,fkarimovv/normal-lung,normal,external,unknown,Imported from 163.JPG
NORMAL-LUNG_00137,data/normal_lung_probe/NORMAL-LUNG_00137_normal_164.jpg,fkarimovv/normal-lung,normal,external,unknown,Imported from 164.JPG
NORMAL-LUNG_00138,data/normal_lung_probe/NORMAL-LUNG_00138_normal_165.jpg,fkarimovv/normal-lung,normal,external,unknown,Imported from 165.JPG
NORMAL-LUNG_00139,data/normal_lung_probe/NORMAL-LUNG_00139_normal_166.jpg,fkarimovv/normal-lung,normal,external,unknown,Imported from 166.JPG
NORMAL-LUNG_00140,data/normal_lung_probe/NORMAL-LUNG_00140_normal_167.jpg,fkarimovv/normal-lung,normal,external,unknown,Imported from 167.JPG
NORMAL-LUNG_00141,data/normal_lung_probe/NORMAL-LUNG_00141_normal_169.jpg,fkarimovv/normal-lung,normal,external,unknown,Imported from 169.JPG
NORMAL-LUNG_00142,data/normal_lung_probe/NORMAL-LUNG_00142_normal_170.jpg,fkarimovv/normal-lung,normal,external,unknown,Imported from 170.JPG
NORMAL-LUNG_00143,data/normal_lung_probe/NORMAL-LUNG_00143_normal_171.jpg,fkarimovv/normal-lung,normal,external,unknown,Imported from 171.JPG
NORMAL-LUNG_00144,data/normal_lung_probe/NORMAL-LUNG_00144_normal_172.jpg,fkarimovv/normal-lung,normal,external,unknown,Imported from 172.JPG
NORMAL-LUNG_00145,data/normal_lung_probe/NORMAL-LUNG_00145_normal_173.jpg,fkarimovv/normal-lung,normal,external,unknown,Imported from 173.JPG
NORMAL-LUNG_00146,data/normal_lung_probe/NORMAL-LUNG_00146_normal_174.jpg,fkarimovv/normal-lung,normal,external,unknown,Imported from 174.JPG
NORMAL-LUNG_00147,data/normal_lung_probe/NORMAL-LUNG_00147_normal_175.jpg,fkarimovv/normal-lung,normal,external,unknown,Imported from 175.JPG
NORMAL-LUNG_00148,data/normal_lung_probe/NORMAL-LUNG_00148_normal_176.jpg,fkarimovv/normal-lung,normal,external,unknown,Imported from 176.JPG
NORMAL-LUNG_00149,data/normal_lung_probe/NORMAL-LUNG_00149_normal_177.jpg,fkarimovv/normal-lung,normal,external,unknown,Imported from 177.JPG
NORMAL-LUNG_00150,data/normal_lung_probe/NORMAL-LUNG_00150_normal_178.jpg,fkarimovv/normal-lung,normal,external,unknown,Imported from 178.JPG
NORMAL-LUNG_00151,data/normal_lung_probe/NORMAL-LUNG_00151_normal_180.jpg,fkarimovv/normal-lung,normal,external,unknown,Imported from 180.JPG
NORMAL-LUNG_00152,data/normal_lung_probe/NORMAL-LUNG_00152_normal_181.jpg,fkarimovv/normal-lung,normal,external,unknown,Imported from 181.JPG
NORMAL-LUNG_00153,data/normal_lung_probe/NORMAL-LUNG_00153_normal_182.jpg,fkarimovv/normal-lung,normal,external,unknown,Imported from 182.JPG
NORMAL-LUNG_00154,data/normal_lung_probe/NORMAL-LUNG_00154_normal_183.jpg,fkarimovv/normal-lung,normal,external,unknown,Imported from 183.JPG
NORMAL-LUNG_00155,data/normal_lung_probe/NORMAL-LUNG_00155_normal_184.jpg,fkarimovv/normal-lung,normal,external,unknown,Imported from 184.JPG
NORMAL-LUNG_00156,data/normal_lung_probe/NORMAL-LUNG_00156_normal_185.jpg,fkarimovv/normal-lung,normal,external,unknown,Imported from 185.JPG
NORMAL-LUNG_00157,data/normal_lung_probe/NORMAL-LUNG_00157_normal_186.jpg,fkarimovv/normal-lung,normal,external,unknown,Imported from 186.JPG
NORMAL-LUNG_00158,data/normal_lung_probe/NORMAL-LUNG_00158_normal_187.jpg,fkarimovv/normal-lung,normal,external,unknown,Imported from 187.JPG
NORMAL-LUNG_00159,data/normal_lung_probe/NORMAL-LUNG_00159_normal_189.jpg,fkarimovv/normal-lung,normal,external,unknown,Imported from 189.JPG
NORMAL-LUNG_00160,data/normal_lung_probe/NORMAL-LUNG_00160_normal_190.jpg,fkarimovv/normal-lung,normal,external,unknown,Imported from 190.JPG
NORMAL-LUNG_00161,data/normal_lung_probe/NORMAL-LUNG_00161_normal_191.jpg,fkarimovv/normal-lung,normal,external,unknown,Imported from 191.JPG
NORMAL-LUNG_00162,data/normal_lung_probe/NORMAL-LUNG_00162_normal_192.jpg,fkarimovv/normal-lung,normal,external,unknown,Imported from 192.JPG
NORMAL-LUNG_00163,data/normal_lung_probe/NORMAL-LUNG_00163_normal_193.jpg,fkarimovv/normal-lung,normal,external,unknown,Imported from 193.JPG
NORMAL-LUNG_00164,data/normal_lung_probe/NORMAL-LUNG_00164_normal_194.jpg,fkarimovv/normal-lung,normal,external,unknown,Imported from 194.JPG
NORMAL-LUNG_00165,data/normal_lung_probe/NORMAL-LUNG_00165_normal_195.jpg,fkarimovv/normal-lung,normal,external,unknown,Imported from 195.JPG
NORMAL-LUNG_00166,data/normal_lung_probe/NORMAL-LUNG_00166_normal_196.jpg,fkarimovv/normal-lung,normal,external,unknown,Imported from 196.JPG
NORMAL-LUNG_00167,data/normal_lung_probe/NORMAL-LUNG_00167_normal_197.jpg,fkarimovv/normal-lung,normal,external,unknown,Imported from 197.JPG
NORMAL-LUNG_00168,data/normal_lung_probe/NORMAL-LUNG_00168_normal_198.jpg,fkarimovv/normal-lung,normal,external,unknown,Imported from 198.JPG
NORMAL-LUNG_00169,data/normal_lung_probe/NORMAL-LUNG_00169_normal_199.jpg,fkarimovv/normal-lung,normal,external,unknown,Imported from 199.JPG
NORMAL-LUNG_00170,data/normal_lung_probe/NORMAL-LUNG_00170_normal_200.jpg,fkarimovv/normal-lung,normal,external,unknown,Imported from 200.JPG
NORMAL-LUNG_00171,data/normal_lung_probe/NORMAL-LUNG_00171_normal_201.jpg,fkarimovv/normal-lung,normal,external,unknown,Imported from 201.JPG
NORMAL-LUNG_00172,data/normal_lung_probe/NORMAL-LUNG_00172_normal_202.jpg,fkarimovv/normal-lung,normal,external,unknown,Imported from 202.JPG
NORMAL-LUNG_00173,data/normal_lung_probe/NORMAL-LUNG_00173_normal_203.jpg,fkarimovv/normal-lung,normal,external,unknown,Imported from 203.JPG
NORMAL-LUNG_00174,data/normal_lung_probe/NORMAL-LUNG_00174_normal_204.jpg,fkarimovv/normal-lung,normal,external,unknown,Imported from 204.JPG
NORMAL-LUNG_00175,data/normal_lung_probe/NORMAL-LUNG_00175_normal_205.jpg,fkarimovv/normal-lung,normal,external,unknown,Imported from 205.JPG
NORMAL-LUNG_00176,data/normal_lung_probe/NORMAL-LUNG_00176_normal_206.jpg,fkarimovv/normal-lung,normal,external,unknown,Imported from 206.JPG
NORMAL-LUNG_00177,data/normal_lung_probe/NORMAL-LUNG_00177_normal_207.jpg,fkarimovv/normal-lung,normal,external,unknown,Imported from 207.JPG
NORMAL-LUNG_00178,data/normal_lung_probe/NORMAL-LUNG_00178_normal_208.jpg,fkarimovv/normal-lung,normal,external,unknown,Imported from 208.JPG
NORMAL-LUNG_00179,data/normal_lung_probe/NORMAL-LUNG_00179_normal_209.jpg,fkarimovv/normal-lung,normal,external,unknown,Imported from 209.JPG
NORMAL-LUNG_00180,data/normal_lung_probe/NORMAL-LUNG_00180_normal_210.jpg,fkarimovv/normal-lung,normal,external,unknown,Imported from 210.JPG
NORMAL-LUNG_00181,data/normal_lung_probe/NORMAL-LUNG_00181_normal_211.jpg,fkarimovv/normal-lung,normal,external,unknown,Imported from 211.JPG
NORMAL-LUNG_00182,data/normal_lung_probe/NORMAL-LUNG_00182_normal_212.jpg,fkarimovv/normal-lung,normal,external,unknown,Imported from 212.JPG
NORMAL-LUNG_00183,data/normal_lung_probe/NORMAL-LUNG_00183_normal_213.jpg,fkarimovv/normal-lung,normal,external,unknown,Imported from 213.JPG
NORMAL-LUNG_00184,data/normal_lung_probe/NORMAL-LUNG_00184_normal_214.jpg,fkarimovv/normal-lung,normal,external,unknown,Imported from 214.JPG
NORMAL-LUNG_00185,data/normal_lung_probe/NORMAL-LUNG_00185_normal_215.jpg,fkarimovv/normal-lung,normal,external,unknown,Imported from 215.JPG
NORMAL-LUNG_00186,data/normal_lung_probe/NORMAL-LUNG_00186_normal_216.jpg,fkarimovv/normal-lung,normal,external,unknown,Imported from 216.JPG
NORMAL-LUNG_00187,data/normal_lung_probe/NORMAL-LUNG_00187_normal_217.jpg,fkarimovv/normal-lung,normal,external,unknown,Imported from 217.JPG
NORMAL-LUNG_00188,data/normal_lung_probe/NORMAL-LUNG_00188_normal_218.jpg,fkarimovv/normal-lung,normal,external,unknown,Imported from 218.JPG
NORMAL-LUNG_00189,data/normal_lung_probe/NORMAL-LUNG_00189_normal_219.jpg,fkarimovv/normal-lung,normal,external,unknown,Imported from 219.JPG
NORMAL-LUNG_00190,data/normal_lung_probe/NORMAL-LUNG_00190_normal_221.jpg,fkarimovv/normal-lung,normal,external,unknown,Imported from 221.JPG
NORMAL-LUNG_00191,data/normal_lung_probe/NORMAL-LUNG_00191_normal_222.jpg,fkarimovv/normal-lung,normal,external,unknown,Imported from 222.JPG
NORMAL-LUNG_00192,data/normal_lung_probe/NORMAL-LUNG_00192_normal_223.jpg,fkarimovv/normal-lung,normal,external,unknown,Imported from 223.JPG
NORMAL-LUNG_00193,data/normal_lung_probe/NORMAL-LUNG_00193_normal_224.jpg,fkarimovv/normal-lung,normal,external,unknown,Imported from 224.JPG
NORMAL-LUNG_00194,data/normal_lung_probe/NORMAL-LUNG_00194_normal_225.jpg,fkarimovv/normal-lung,normal,external,unknown,Imported from 225.JPG
NORMAL-LUNG_00195,data/normal_lung_probe/NORMAL-LUNG_00195_normal_226.jpg,fkarimovv/normal-lung,normal,external,unknown,Imported from 226.JPG
NORMAL-LUNG_00196,data/normal_lung_probe/NORMAL-LUNG_00196_normal_227.jpg,fkarimovv/normal-lung,normal,external,unknown,Imported from 227.JPG
NORMAL-LUNG_00197,data/normal_lung_probe/NORMAL-LUNG_00197_normal_228.jpg,fkarimovv/normal-lung,normal,external,unknown,Imported from 228.JPG
NORMAL-LUNG_00198,data/normal_lung_probe/NORMAL-LUNG_00198_normal_229.jpg,fkarimovv/normal-lung,normal,external,unknown,Imported from 229.JPG
NORMAL-LUNG_00199,data/normal_lung_probe/NORMAL-LUNG_00199_normal_230.jpg,fkarimovv/normal-lung,normal,external,unknown,Imported from 230.JPG
NORMAL-LUNG_00200,data/normal_lung_probe/NORMAL-LUNG_00200_normal_231.jpg,fkarimovv/normal-lung,normal,external,unknown,Imported from 231.JPG
NORMAL-LUNG_00201,data/normal_lung_probe/NORMAL-LUNG_00201_normal_233.jpg,fkarimovv/normal-lung,normal,external,unknown,Imported from 233.JPG
NORMAL-LUNG_00202,data/normal_lung_probe/NORMAL-LUNG_00202_normal_234.jpg,fkarimovv/normal-lung,normal,external,unknown,Imported from 234.JPG
NORMAL-LUNG_00203,data/normal_lung_probe/NORMAL-LUNG_00203_normal_235.jpg,fkarimovv/normal-lung,normal,external,unknown,Imported from 235.JPG
NORMAL-LUNG_00204,data/normal_lung_probe/NORMAL-LUNG_00204_normal_237.jpg,fkarimovv/normal-lung,normal,external,unknown,Imported from 237.JPG
NORMAL-LUNG_00205,data/normal_lung_probe/NORMAL-LUNG_00205_normal_238.jpg,fkarimovv/normal-lung,normal,external,unknown,Imported from 238.JPG
NORMAL-LUNG_00206,data/normal_lung_probe/NORMAL-LUNG_00206_normal_239.jpg,fkarimovv/normal-lung,normal,external,unknown,Imported from 239.JPG
NORMAL-LUNG_00207,data/normal_lung_probe/NORMAL-LUNG_00207_normal_240.jpg,fkarimovv/normal-lung,normal,external,unknown,Imported from 240.JPG
NORMAL-LUNG_00208,data/normal_lung_probe/NORMAL-LUNG_00208_normal_241.jpg,fkarimovv/normal-lung,normal,external,unknown,Imported from 241.JPG
NORMAL-LUNG_00209,data/normal_lung_probe/NORMAL-LUNG_00209_normal_242.jpg,fkarimovv/normal-lung,normal,external,unknown,Imported from 242.JPG
NORMAL-LUNG_00210,data/normal_lung_probe/NORMAL-LUNG_00210_normal_243.jpg,fkarimovv/normal-lung,normal,external,unknown,Imported from 243.JPG
NORMAL-LUNG_00211,data/normal_lung_probe/NORMAL-LUNG_00211_normal_244.jpg,fkarimovv/normal-lung,normal,external,unknown,Imported from 244.JPG
NORMAL-LUNG_00212,data/normal_lung_probe/NORMAL-LUNG_00212_normal_245.jpg,fkarimovv/normal-lung,normal,external,unknown,Imported from 245.JPG
NORMAL-LUNG_00213,data/normal_lung_probe/NORMAL-LUNG_00213_normal_246.jpg,fkarimovv/normal-lung,normal,external,unknown,Imported from 246.JPG
NORMAL-LUNG_00214,data/normal_lung_probe/NORMAL-LUNG_00214_normal_247.jpg,fkarimovv/normal-lung,normal,external,unknown,Imported from 247.JPG
NORMAL-LUNG_00215,data/normal_lung_probe/NORMAL-LUNG_00215_normal_248.jpg,fkarimovv/normal-lung,normal,external,unknown,Imported from 248.JPG
NORMAL-LUNG_00216,data/normal_lung_probe/NORMAL-LUNG_00216_normal_249.jpg,fkarimovv/normal-lung,normal,external,unknown,Imported from 249.JPG
NORMAL-LUNG_00217,data/normal_lung_probe/NORMAL-LUNG_00217_normal_250.jpg,fkarimovv/normal-lung,normal,external,unknown,Imported from 250.JPG
NORMAL-LUNG_00218,data/normal_lung_probe/NORMAL-LUNG_00218_normal_251.jpg,fkarimovv/normal-lung,normal,external,unknown,Imported from 251.JPG
NORMAL-LUNG_00219,data/normal_lung_probe/NORMAL-LUNG_00219_normal_252.jpg,fkarimovv/normal-lung,normal,external,unknown,Imported from 252.JPG
NORMAL-LUNG_00220,data/normal_lung_probe/NORMAL-LUNG_00220_normal_253.jpg,fkarimovv/normal-lung,normal,external,unknown,Imported from 253.JPG
NORMAL-LUNG_00221,data/normal_lung_probe/NORMAL-LUNG_00221_normal_254.jpg,fkarimovv/normal-lung,normal,external,unknown,Imported from 254.JPG
NORMAL-LUNG_00222,data/normal_lung_probe/NORMAL-LUNG_00222_normal_255.jpg,fkarimovv/normal-lung,normal,external,unknown,Imported from 255.JPG
NORMAL-LUNG_00223,data/normal_lung_probe/NORMAL-LUNG_00223_normal_256.jpg,fkarimovv/normal-lung,normal,external,unknown,Imported from 256.JPG
NORMAL-LUNG_00224,data/normal_lung_probe/NORMAL-LUNG_00224_normal_257.jpg,fkarimovv/normal-lung,normal,external,unknown,Imported from 257.JPG
NORMAL-LUNG_00225,data/normal_lung_probe/NORMAL-LUNG_00225_normal_258.jpg,fkarimovv/normal-lung,normal,external,unknown,Imported from 258.JPG
NORMAL-LUNG_00226,data/normal_lung_probe/NORMAL-LUNG_00226_normal_259.jpg,fkarimovv/normal-lung,normal,external,unknown,Imported from 259.JPG
NORMAL-LUNG_00227,data/normal_lung_probe/NORMAL-LUNG_00227_normal_260.jpg,fkarimovv/normal-lung,normal,external,unknown,Imported from 260.JPG
NORMAL-LUNG_00228,data/normal_lung_probe/NORMAL-LUNG_00228_normal_261.jpg,fkarimovv/normal-lung,normal,external,unknown,Imported from 261.JPG
NORMAL-LUNG_00229,data/normal_lung_probe/NORMAL-LUNG_00229_normal_262.jpg,fkarimovv/normal-lung,normal,external,unknown,Imported from 262.JPG
NORMAL-LUNG_00230,data/normal_lung_probe/NORMAL-LUNG_00230_normal_263.jpg,fkarimovv/normal-lung,normal,external,unknown,Imported from 263.JPG
NORMAL-LUNG_00231,data/normal_lung_probe/NORMAL-LUNG_00231_normal_264.jpg,fkarimovv/normal-lung,normal,external,unknown,Imported from 264.JPG
NORMAL-LUNG_00232,data/normal_lung_probe/NORMAL-LUNG_00232_normal_265.jpg,fkarimovv/normal-lung,normal,external,unknown,Imported from 265.JPG
NORMAL-LUNG_00233,data/normal_lung_probe/NORMAL-LUNG_00233_normal_266.jpg,fkarimovv/normal-lung,normal,external,unknown,Imported from 266.JPG
NORMAL-LUNG_00234,data/normal_lung_probe/NORMAL-LUNG_00234_normal_267.jpg,fkarimovv/normal-lung,normal,external,unknown,Imported from 267.JPG
NORMAL-LUNG_00235,data/normal_lung_probe/NORMAL-LUNG_00235_normal_268.jpg,fkarimovv/normal-lung,normal,external,unknown,Imported from 268.JPG
NORMAL-LUNG_00236,data/normal_lung_probe/NORMAL-LUNG_00236_normal_269.jpg,fkarimovv/normal-lung,normal,external,unknown,Imported from 269.JPG
NORMAL-LUNG_00237,data/normal_lung_probe/NORMAL-LUNG_00237_normal_270.jpg,fkarimovv/normal-lung,normal,external,unknown,Imported from 270.JPG
NORMAL-LUNG_00238,data/normal_lung_probe/NORMAL-LUNG_00238_normal_271.jpg,fkarimovv/normal-lung,normal,external,unknown,Imported from 271.JPG
NORMAL-LUNG_00239,data/normal_lung_probe/NORMAL-LUNG_00239_normal_272.jpg,fkarimovv/normal-lung,normal,external,unknown,Imported from 272.JPG
NORMAL-LUNG_00240,data/normal_lung_probe/NORMAL-LUNG_00240_normal_273.jpg,fkarimovv/normal-lung,normal,external,unknown,Imported from 273.JPG
NORMAL-LUNG_00241,data/normal_lung_probe/NORMAL-LUNG_00241_normal_274.jpg,fkarimovv/normal-lung,normal,external,unknown,Imported from 274.JPG
NORMAL-LUNG_00242,data/normal_lung_probe/NORMAL-LUNG_00242_normal_275.jpg,fkarimovv/normal-lung,normal,external,unknown,Imported from 275.JPG
NORMAL-LUNG_00243,data/normal_lung_probe/NORMAL-LUNG_00243_normal_276.jpg,fkarimovv/normal-lung,normal,external,unknown,Imported from 276.JPG
NORMAL-LUNG_00244,data/normal_lung_probe/NORMAL-LUNG_00244_normal_277.jpg,fkarimovv/normal-lung,normal,external,unknown,Imported from 277.JPG
NORMAL-LUNG_00245,data/normal_lung_probe/NORMAL-LUNG_00245_normal_278.jpg,fkarimovv/normal-lung,normal,external,unknown,Imported from 278.JPG
NORMAL-LUNG_00246,data/normal_lung_probe/NORMAL-LUNG_00246_normal_279.jpg,fkarimovv/normal-lung,normal,external,unknown,Imported from 279.JPG
NORMAL-LUNG_00247,data/normal_lung_probe/NORMAL-LUNG_00247_normal_281.jpg,fkarimovv/normal-lung,normal,external,unknown,Imported from 281.JPG
NORMAL-LUNG_00248,data/normal_lung_probe/NORMAL-LUNG_00248_normal_282.jpg,fkarimovv/normal-lung,normal,external,unknown,Imported from 282.JPG
NORMAL-LUNG_00249,data/normal_lung_probe/NORMAL-LUNG_00249_normal_283.jpg,fkarimovv/normal-lung,normal,external,unknown,Imported from 283.JPG
NORMAL-LUNG_00250,data/normal_lung_probe/NORMAL-LUNG_00250_normal_284.jpg,fkarimovv/normal-lung,normal,external,unknown,Imported from 284.JPG
NORMAL-LUNG_00251,data/normal_lung_probe/NORMAL-LUNG_00251_normal_285.jpg,fkarimovv/normal-lung,normal,external,unknown,Imported from 285.JPG
NORMAL-LUNG_00252,data/normal_lung_probe/NORMAL-LUNG_00252_normal_286.jpg,fkarimovv/normal-lung,normal,external,unknown,Imported from 286.JPG
NORMAL-LUNG_00253,data/normal_lung_probe/NORMAL-LUNG_00253_normal_287.jpg,fkarimovv/normal-lung,normal,external,unknown,Imported from 287.JPG
NORMAL-LUNG_00254,data/normal_lung_probe/NORMAL-LUNG_00254_normal_288.jpg,fkarimovv/normal-lung,normal,external,unknown,Imported from 288.JPG
NORMAL-LUNG_00255,data/normal_lung_probe/NORMAL-LUNG_00255_normal_289.jpg,fkarimovv/normal-lung,normal,external,unknown,Imported from 289.JPG
NORMAL-LUNG_00256,data/normal_lung_probe/NORMAL-LUNG_00256_normal_290.jpg,fkarimovv/normal-lung,normal,external,unknown,Imported from 290.JPG
NORMAL-LUNG_00257,data/normal_lung_probe/NORMAL-LUNG_00257_normal_291.jpg,fkarimovv/normal-lung,normal,external,unknown,Imported from 291.JPG
NORMAL-LUNG_00258,data/normal_lung_probe/NORMAL-LUNG_00258_normal_292.jpg,fkarimovv/normal-lung,normal,external,unknown,Imported from 292.JPG
NORMAL-LUNG_00259,data/normal_lung_probe/NORMAL-LUNG_00259_normal_293.jpg,fkarimovv/normal-lung,normal,external,unknown,Imported from 293.JPG
NORMAL-LUNG_00260,data/normal_lung_probe/NORMAL-LUNG_00260_normal_294.jpg,fkarimovv/normal-lung,normal,external,unknown,Imported from 294.JPG
NORMAL-LUNG_00261,data/normal_lung_probe/NORMAL-LUNG_00261_normal_295.jpg,fkarimovv/normal-lung,normal,external,unknown,Imported from 295.JPG
NORMAL-LUNG_00262,data/normal_lung_probe/NORMAL-LUNG_00262_normal_296.jpg,fkarimovv/normal-lung,normal,external,unknown,Imported from 296.JPG
NORMAL-LUNG_00263,data/normal_lung_probe/NORMAL-LUNG_00263_normal_297.jpg,fkarimovv/normal-lung,normal,external,unknown,Imported from 297.JPG
NORMAL-LUNG_00264,data/normal_lung_probe/NORMAL-LUNG_00264_normal_298.jpg,fkarimovv/normal-lung,normal,external,unknown,Imported from 298.JPG
NORMAL-LUNG_00265,data/normal_lung_probe/NORMAL-LUNG_00265_normal_299.jpg,fkarimovv/normal-lung,normal,external,unknown,Imported from 299.JPG
NORMAL-LUNG_00266,data/normal_lung_probe/NORMAL-LUNG_00266_normal_300.jpg,fkarimovv/normal-lung,normal,external,unknown,Imported from 300.JPG
NORMAL-LUNG_00267,data/normal_lung_probe/NORMAL-LUNG_00267_normal_301.jpg,fkarimovv/normal-lung,normal,external,unknown,Imported from 301.JPG
NORMAL-LUNG_00268,data/normal_lung_probe/NORMAL-LUNG_00268_normal_302.jpg,fkarimovv/normal-lung,normal,external,unknown,Imported from 302.JPG
NORMAL-LUNG_00269,data/normal_lung_probe/NORMAL-LUNG_00269_normal_303.jpg,fkarimovv/normal-lung,normal,external,unknown,Imported from 303.JPG
NORMAL-LUNG_00270,data/normal_lung_probe/NORMAL-LUNG_00270_normal_304.jpg,fkarimovv/normal-lung,normal,external,unknown,Imported from 304.JPG
NORMAL-LUNG_00271,data/normal_lung_probe/NORMAL-LUNG_00271_normal_305.jpg,fkarimovv/normal-lung,normal,external,unknown,Imported from 305.JPG
NORMAL-LUNG_00272,data/normal_lung_probe/NORMAL-LUNG_00272_normal_306.jpg,fkarimovv/normal-lung,normal,external,unknown,Imported from 306.JPG
NORMAL-LUNG_00273,data/normal_lung_probe/NORMAL-LUNG_00273_normal_307.jpg,fkarimovv/normal-lung,normal,external,unknown,Imported from 307.JPG
NORMAL-LUNG_00274,data/normal_lung_probe/NORMAL-LUNG_00274_normal_308.jpg,fkarimovv/normal-lung,normal,external,unknown,Imported from 308.JPG
NORMAL-LUNG_00275,data/normal_lung_probe/NORMAL-LUNG_00275_normal_309.jpg,fkarimovv/normal-lung,normal,external,unknown,Imported from 309.JPG
NORMAL-LUNG_00276,data/normal_lung_probe/NORMAL-LUNG_00276_normal_312.jpg,fkarimovv/normal-lung,normal,external,unknown,Imported from 312.JPG
NORMAL-LUNG_00277,data/normal_lung_probe/NORMAL-LUNG_00277_normal_313.jpg,fkarimovv/normal-lung,normal,external,unknown,Imported from 313.JPG
NORMAL-LUNG_00278,data/normal_lung_probe/NORMAL-LUNG_00278_normal_314.jpg,fkarimovv/normal-lung,normal,external,unknown,Imported from 314.JPG
NORMAL-LUNG_00279,data/normal_lung_probe/NORMAL-LUNG_00279_normal_316.jpg,fkarimovv/normal-lung,normal,external,unknown,Imported from 316.JPG
NORMAL-LUNG_00280,data/normal_lung_probe/NORMAL-LUNG_00280_normal_318.jpg,fkarimovv/normal-lung,normal,external,unknown,Imported from 318.JPG
NORMAL-LUNG_00281,data/normal_lung_probe/NORMAL-LUNG_00281_normal_319.jpg,fkarimovv/normal-lung,normal,external,unknown,Imported from 319.JPG
NORMAL-LUNG_00282,data/normal_lung_probe/NORMAL-LUNG_00282_normal_320.jpg,fkarimovv/normal-lung,normal,external,unknown,Imported from 320.JPG
NORMAL-LUNG_00283,data/normal_lung_probe/NORMAL-LUNG_00283_normal_321.jpg,fkarimovv/normal-lung,normal,external,unknown,Imported from 321.JPG
NORMAL-LUNG_00284,data/normal_lung_probe/NORMAL-LUNG_00284_normal_322.jpg,fkarimovv/normal-lung,normal,external,unknown,Imported from 322.JPG
NORMAL-LUNG_00285,data/normal_lung_probe/NORMAL-LUNG_00285_normal_323.jpg,fkarimovv/normal-lung,normal,external,unknown,Imported from 323.JPG
NORMAL-LUNG_00286,data/normal_lung_probe/NORMAL-LUNG_00286_normal_324.jpg,fkarimovv/normal-lung,normal,external,unknown,Imported from 324.JPG
NORMAL-LUNG_00287,data/normal_lung_probe/NORMAL-LUNG_00287_normal_325.jpg,fkarimovv/normal-lung,normal,external,unknown,Imported from 325.JPG
NORMAL-LUNG_00288,data/normal_lung_probe/NORMAL-LUNG_00288_normal_326.jpg,fkarimovv/normal-lung,normal,external,unknown,Imported from 326.JPG
NORMAL-LUNG_00289,data/normal_lung_probe/NORMAL-LUNG_00289_normal_327.jpg,fkarimovv/normal-lung,normal,external,unknown,Imported from 327.JPG
NORMAL-LUNG_00290,data/normal_lung_probe/NORMAL-LUNG_00290_normal_328.jpg,fkarimovv/normal-lung,normal,external,unknown,Imported from 328.JPG
NORMAL-LUNG_00291,data/normal_lung_probe/NORMAL-LUNG_00291_normal_329.jpg,fkarimovv/normal-lung,normal,external,unknown,Imported from 329.JPG
NORMAL-LUNG_00292,data/normal_lung_probe/NORMAL-LUNG_00292_normal_330.jpg,fkarimovv/normal-lung,normal,external,unknown,Imported from 330.JPG
NORMAL-LUNG_00293,data/normal_lung_probe/NORMAL-LUNG_00293_normal_331.jpg,fkarimovv/normal-lung,normal,external,unknown,Imported from 331.JPG
NORMAL-LUNG_00294,data/normal_lung_probe/NORMAL-LUNG_00294_normal_332.jpg,fkarimovv/normal-lung,normal,external,unknown,Imported from 332.JPG
NORMAL-LUNG_00295,data/normal_lung_probe/NORMAL-LUNG_00295_normal_333.jpg,fkarimovv/normal-lung,normal,external,unknown,Imported from 333.JPG
NORMAL-LUNG_00296,data/normal_lung_probe/NORMAL-LUNG_00296_normal_334.jpg,fkarimovv/normal-lung,normal,external,unknown,Imported from 334.JPG
NORMAL-LUNG_00297,data/normal_lung_probe/NORMAL-LUNG_00297_normal_335.jpg,fkarimovv/normal-lung,normal,external,unknown,Imported from 335.JPG
NORMAL-LUNG_00298,data/normal_lung_probe/NORMAL-LUNG_00298_normal_336.jpg,fkarimovv/normal-lung,normal,external,unknown,Imported from 336.JPG
NORMAL-LUNG_00299,data/normal_lung_probe/NORMAL-LUNG_00299_normal_337.jpg,fkarimovv/normal-lung,normal,external,unknown,Imported from 337.JPG
NORMAL-LUNG_00300,data/normal_lung_probe/NORMAL-LUNG_00300_normal_338.jpg,fkarimovv/normal-lung,normal,external,unknown,Imported from 338.JPG
NORMAL-LUNG_00301,data/normal_lung_probe/NORMAL-LUNG_00301_normal_339.jpg,fkarimovv/normal-lung,normal,external,unknown,Imported from 339.JPG
NORMAL-LUNG_00302,data/normal_lung_probe/NORMAL-LUNG_00302_normal_340.jpg,fkarimovv/normal-lung,normal,external,unknown,Imported from 340.JPG
NORMAL-LUNG_00303,data/normal_lung_probe/NORMAL-LUNG_00303_normal_341.jpg,fkarimovv/normal-lung,normal,external,unknown,Imported from 341.JPG
NORMAL-LUNG_00304,data/normal_lung_probe/NORMAL-LUNG_00304_normal_342.jpg,fkarimovv/normal-lung,normal,external,unknown,Imported from 342.JPG
NORMAL-LUNG_00305,data/normal_lung_probe/NORMAL-LUNG_00305_normal_343.jpg,fkarimovv/normal-lung,normal,external,unknown,Imported from 343.JPG
NORMAL-LUNG_00306,data/normal_lung_probe/NORMAL-LUNG_00306_normal_344.jpg,fkarimovv/normal-lung,normal,external,unknown,Imported from 344.JPG
NORMAL-LUNG_00307,data/normal_lung_probe/NORMAL-LUNG_00307_normal_345.jpg,fkarimovv/normal-lung,normal,external,unknown,Imported from 345.JPG
NORMAL-LUNG_00308,data/normal_lung_probe/NORMAL-LUNG_00308_normal_346.jpg,fkarimovv/normal-lung,normal,external,unknown,Imported from 346.JPG
NORMAL-LUNG_00309,data/normal_lung_probe/NORMAL-LUNG_00309_normal_347.jpg,fkarimovv/normal-lung,normal,external,unknown,Imported from 347.JPG
NORMAL-LUNG_00310,data/normal_lung_probe/NORMAL-LUNG_00310_normal_348.jpg,fkarimovv/normal-lung,normal,external,unknown,Imported from 348.JPG
NORMAL-LUNG_00311,data/normal_lung_probe/NORMAL-LUNG_00311_normal_349.jpg,fkarimovv/normal-lung,normal,external,unknown,Imported from 349.JPG
NORMAL-LUNG_00312,data/normal_lung_probe/NORMAL-LUNG_00312_normal_350.jpg,fkarimovv/normal-lung,normal,external,unknown,Imported from 350.JPG
NORMAL-LUNG_00313,data/normal_lung_probe/NORMAL-LUNG_00313_normal_351.jpg,fkarimovv/normal-lung,normal,external,unknown,Imported from 351.JPG
NORMAL-LUNG_00314,data/normal_lung_probe/NORMAL-LUNG_00314_normal_352.jpg,fkarimovv/normal-lung,normal,external,unknown,Imported from 352.JPG
NORMAL-LUNG_00315,data/normal_lung_probe/NORMAL-LUNG_00315_normal_353.jpg,fkarimovv/normal-lung,normal,external,unknown,Imported from 353.JPG
NORMAL-LUNG_00316,data/normal_lung_probe/NORMAL-LUNG_00316_normal_354.jpg,fkarimovv/normal-lung,normal,external,unknown,Imported from 354.JPG
NORMAL-LUNG_00317,data/normal_lung_probe/NORMAL-LUNG_00317_normal_355.jpg,fkarimovv/normal-lung,normal,external,unknown,Imported from 355.JPG
NORMAL-LUNG_00318,data/normal_lung_probe/NORMAL-LUNG_00318_normal_356.jpg,fkarimovv/normal-lung,normal,external,unknown,Imported from 356.JPG
NORMAL-LUNG_00319,data/normal_lung_probe/NORMAL-LUNG_00319_normal_357.jpg,fkarimovv/normal-lung,normal,external,unknown,Imported from 357.JPG
NORMAL-LUNG_00320,data/normal_lung_probe/NORMAL-LUNG_00320_normal_358.jpg,fkarimovv/normal-lung,normal,external,unknown,Imported from 358.JPG
NORMAL-LUNG_00321,data/normal_lung_probe/NORMAL-LUNG_00321_normal_359.jpg,fkarimovv/normal-lung,normal,external,unknown,Imported from 359.JPG
NORMAL-LUNG_00322,data/normal_lung_probe/NORMAL-LUNG_00322_normal_360.jpg,fkarimovv/normal-lung,normal,external,unknown,Imported from 360.JPG
NORMAL-LUNG_00323,data/normal_lung_probe/NORMAL-LUNG_00323_normal_361.jpg,fkarimovv/normal-lung,normal,external,unknown,Imported from 361.JPG
NORMAL-LUNG_00324,data/normal_lung_probe/NORMAL-LUNG_00324_normal_362.jpg,fkarimovv/normal-lung,normal,external,unknown,Imported from 362.JPG
NORMAL-LUNG_00325,data/normal_lung_probe/NORMAL-LUNG_00325_normal_363.jpg,fkarimovv/normal-lung,normal,external,unknown,Imported from 363.JPG
NORMAL-LUNG_00326,data/normal_lung_probe/NORMAL-LUNG_00326_normal_364.jpg,fkarimovv/normal-lung,normal,external,unknown,Imported from 364.JPG
NORMAL-LUNG_00327,data/normal_lung_probe/NORMAL-LUNG_00327_normal_365.jpg,fkarimovv/normal-lung,normal,external,unknown,Imported from 365.JPG
NORMAL-LUNG_00328,data/normal_lung_probe/NORMAL-LUNG_00328_normal_366.jpg,fkarimovv/normal-lung,normal,external,unknown,Imported from 366.JPG
NORMAL-LUNG_00329,data/normal_lung_probe/NORMAL-LUNG_00329_normal_367.jpg,fkarimovv/normal-lung,normal,external,unknown,Imported from 367.JPG
NORMAL-LUNG_00330,data/normal_lung_probe/NORMAL-LUNG_00330_normal_368.jpg,fkarimovv/normal-lung,normal,external,unknown,Imported from 368.JPG
NORMAL-LUNG_00331,data/normal_lung_probe/NORMAL-LUNG_00331_normal_369.jpg,fkarimovv/normal-lung,normal,external,unknown,Imported from 369.JPG
NORMAL-LUNG_00332,data/normal_lung_probe/NORMAL-LUNG_00332_normal_370.jpg,fkarimovv/normal-lung,normal,external,unknown,Imported from 370.JPG
NORMAL-LUNG_00333,data/normal_lung_probe/NORMAL-LUNG_00333_normal_371.jpg,fkarimovv/normal-lung,normal,external,unknown,Imported from 371.JPG
NORMAL-LUNG_00334,data/normal_lung_probe/NORMAL-LUNG_00334_normal_372.jpg,fkarimovv/normal-lung,normal,external,unknown,Imported from 372.JPG
NORMAL-LUNG_00335,data/normal_lung_probe/NORMAL-LUNG_00335_normal_373.jpg,fkarimovv/normal-lung,normal,external,unknown,Imported from 373.JPG
NORMAL-LUNG_00336,data/normal_lung_probe/NORMAL-LUNG_00336_normal_374.jpg,fkarimovv/normal-lung,normal,external,unknown,Imported from 374.JPG
NORMAL-LUNG_00337,data/normal_lung_probe/NORMAL-LUNG_00337_normal_375.jpg,fkarimovv/normal-lung,normal,external,unknown,Imported from 375.JPG
NORMAL-LUNG_00338,data/normal_lung_probe/NORMAL-LUNG_00338_normal_376.jpg,fkarimovv/normal-lung,normal,external,unknown,Imported from 376.JPG
NORMAL-LUNG_00339,data/normal_lung_probe/NORMAL-LUNG_00339_normal_377.jpg,fkarimovv/normal-lung,normal,external,unknown,Imported from 377.JPG
NORMAL-LUNG_00340,data/normal_lung_probe/NORMAL-LUNG_00340_normal_378.jpg,fkarimovv/normal-lung,normal,external,unknown,Imported from 378.JPG
NORMAL-LUNG_00341,data/normal_lung_probe/NORMAL-LUNG_00341_normal_379.jpg,fkarimovv/normal-lung,normal,external,unknown,Imported from 379.JPG
NORMAL-LUNG_00342,data/normal_lung_probe/NORMAL-LUNG_00342_normal_380.jpg,fkarimovv/normal-lung,normal,external,unknown,Imported from 380.JPG
NORMAL-LUNG_00343,data/normal_lung_probe/NORMAL-LUNG_00343_normal_381.jpg,fkarimovv/normal-lung,normal,external,unknown,Imported from 381.JPG
NORMAL-LUNG_00344,data/normal_lung_probe/NORMAL-LUNG_00344_normal_382.jpg,fkarimovv/normal-lung,normal,external,unknown,Imported from 382.JPG
NORMAL-LUNG_00345,data/normal_lung_probe/NORMAL-LUNG_00345_normal_383.jpg,fkarimovv/normal-lung,normal,external,unknown,Imported from 383.JPG
NORMAL-LUNG_00346,data/normal_lung_probe/NORMAL-LUNG_00346_normal_384.jpg,fkarimovv/normal-lung,normal,external,unknown,Imported from 384.JPG
NORMAL-LUNG_00347,data/normal_lung_probe/NORMAL-LUNG_00347_normal_386.jpg,fkarimovv/normal-lung,normal,external,unknown,Imported from 386.JPG
NORMAL-LUNG_00348,data/normal_lung_probe/NORMAL-LUNG_00348_normal_387.jpg,fkarimovv/normal-lung,normal,external,unknown,Imported from 387.JPG
NORMAL-LUNG_00349,data/normal_lung_probe/NORMAL-LUNG_00349_normal_388.jpg,fkarimovv/normal-lung,normal,external,unknown,Imported from 388.JPG
NORMAL-LUNG_00350,data/normal_lung_probe/NORMAL-LUNG_00350_normal_389.jpg,fkarimovv/normal-lung,normal,external,unknown,Imported from 389.JPG
NORMAL-LUNG_00351,data/normal_lung_probe/NORMAL-LUNG_00351_normal_390.jpg,fkarimovv/normal-lung,normal,external,unknown,Imported from 390.JPG
NORMAL-LUNG_00352,data/normal_lung_probe/NORMAL-LUNG_00352_normal_391.jpg,fkarimovv/normal-lung,normal,external,unknown,Imported from 391.JPG
NORMAL-LUNG_00353,data/normal_lung_probe/NORMAL-LUNG_00353_normal_392.jpg,fkarimovv/normal-lung,normal,external,unknown,Imported from 392.JPG
NORMAL-LUNG_00354,data/normal_lung_probe/NORMAL-LUNG_00354_normal_393.jpg,fkarimovv/normal-lung,normal,external,unknown,Imported from 393.JPG
NORMAL-LUNG_00355,data/normal_lung_probe/NORMAL-LUNG_00355_normal_394.jpg,fkarimovv/normal-lung,normal,external,unknown,Imported from 394.JPG
NORMAL-LUNG_00356,data/normal_lung_probe/NORMAL-LUNG_00356_normal_395.jpg,fkarimovv/normal-lung,normal,external,unknown,Imported from 395.JPG
NORMAL-LUNG_00357,data/normal_lung_probe/NORMAL-LUNG_00357_normal_396.jpg,fkarimovv/normal-lung,normal,external,unknown,Imported from 396.JPG
NORMAL-LUNG_00358,data/normal_lung_probe/NORMAL-LUNG_00358_normal_397.jpg,fkarimovv/normal-lung,normal,external,unknown,Imported from 397.JPG
NORMAL-LUNG_00359,data/normal_lung_probe/NORMAL-LUNG_00359_normal_398.jpg,fkarimovv/normal-lung,normal,external,unknown,Imported from 398.JPG
NORMAL-LUNG_00360,data/normal_lung_probe/NORMAL-LUNG_00360_normal_399.jpg,fkarimovv/normal-lung,normal,external,unknown,Imported from 399.JPG
NORMAL-LUNG_00361,data/normal_lung_probe/NORMAL-LUNG_00361_normal_400.jpg,fkarimovv/normal-lung,normal,external,unknown,Imported from 400.JPG
NORMAL-LUNG_00362,data/normal_lung_probe/NORMAL-LUNG_00362_normal_401.jpg,fkarimovv/normal-lung,normal,external,unknown,Imported from 401.JPG
NORMAL-LUNG_00363,data/normal_lung_probe/NORMAL-LUNG_00363_normal_402.jpg,fkarimovv/normal-lung,normal,external,unknown,Imported from 402.JPG
NORMAL-LUNG_00364,data/normal_lung_probe/NORMAL-LUNG_00364_normal_403.jpg,fkarimovv/normal-lung,normal,external,unknown,Imported from 403.JPG
NORMAL-LUNG_00365,data/normal_lung_probe/NORMAL-LUNG_00365_normal_404.jpg,fkarimovv/normal-lung,normal,external,unknown,Imported from 404.JPG
NORMAL-LUNG_00366,data/normal_lung_probe/NORMAL-LUNG_00366_normal_405.jpg,fkarimovv/normal-lung,normal,external,unknown,Imported from 405.JPG
NORMAL-LUNG_00367,data/normal_lung_probe/NORMAL-LUNG_00367_normal_406.jpg,fkarimovv/normal-lung,normal,external,unknown,Imported from 406.JPG
NORMAL-LUNG_00368,data/normal_lung_probe/NORMAL-LUNG_00368_normal_407.jpg,fkarimovv/normal-lung,normal,external,unknown,Imported from 407.JPG
NORMAL-LUNG_00369,data/normal_lung_probe/NORMAL-LUNG_00369_normal_408.jpg,fkarimovv/normal-lung,normal,external,unknown,Imported from 408.JPG
NORMAL-LUNG_00370,data/normal_lung_probe/NORMAL-LUNG_00370_normal_409.jpg,fkarimovv/normal-lung,normal,external,unknown,Imported from 409.JPG
NORMAL-LUNG_00371,data/normal_lung_probe/NORMAL-LUNG_00371_normal_411.jpg,fkarimovv/normal-lung,normal,external,unknown,Imported from 411.JPG
NORMAL-LUNG_00372,data/normal_lung_probe/NORMAL-LUNG_00372_normal_412.jpg,fkarimovv/normal-lung,normal,external,unknown,Imported from 412.JPG
NORMAL-LUNG_00373,data/normal_lung_probe/NORMAL-LUNG_00373_normal_413.jpg,fkarimovv/normal-lung,normal,external,unknown,Imported from 413.JPG
NORMAL-LUNG_00374,data/normal_lung_probe/NORMAL-LUNG_00374_normal_414.jpg,fkarimovv/normal-lung,normal,external,unknown,Imported from 414.JPG
NORMAL-LUNG_00375,data/normal_lung_probe/NORMAL-LUNG_00375_normal_415.jpg,fkarimovv/normal-lung,normal,external,unknown,Imported from 415.JPG
NORMAL-LUNG_00376,data/normal_lung_probe/NORMAL-LUNG_00376_normal_416.jpg,fkarimovv/normal-lung,normal,external,unknown,Imported from 416.JPG
NORMAL-LUNG_00377,data/normal_lung_probe/NORMAL-LUNG_00377_normal_417.jpg,fkarimovv/normal-lung,normal,external,unknown,Imported from 417.JPG
NORMAL-LUNG_00378,data/normal_lung_probe/NORMAL-LUNG_00378_normal_418.jpg,fkarimovv/normal-lung,normal,external,unknown,Imported from 418.JPG
NORMAL-LUNG_00379,data/normal_lung_probe/NORMAL-LUNG_00379_normal_419.jpg,fkarimovv/normal-lung,normal,external,unknown,Imported from 419.JPG
NORMAL-LUNG_00380,data/normal_lung_probe/NORMAL-LUNG_00380_normal_420.jpg,fkarimovv/normal-lung,normal,external,unknown,Imported from 420.JPG
NORMAL-LUNG_00381,data/normal_lung_probe/NORMAL-LUNG_00381_normal_421.jpg,fkarimovv/normal-lung,normal,external,unknown,Imported from 421.JPG
NORMAL-LUNG_00382,data/normal_lung_probe/NORMAL-LUNG_00382_normal_422.jpg,fkarimovv/normal-lung,normal,external,unknown,Imported from 422.JPG
NORMAL-LUNG_00383,data/normal_lung_probe/NORMAL-LUNG_00383_normal_423.jpg,fkarimovv/normal-lung,normal,external,unknown,Imported from 423.JPG
NORMAL-LUNG_00384,data/normal_lung_probe/NORMAL-LUNG_00384_normal_424.jpg,fkarimovv/normal-lung,normal,external,unknown,Imported from 424.JPG
NORMAL-LUNG_00385,data/normal_lung_probe/NORMAL-LUNG_00385_normal_426.jpg,fkarimovv/normal-lung,normal,external,unknown,Imported from 426.JPG
NORMAL-LUNG_00386,data/normal_lung_probe/NORMAL-LUNG_00386_normal_428.jpg,fkarimovv/normal-lung,normal,external,unknown,Imported from 428.JPG
NORMAL-LUNG_00387,data/normal_lung_probe/NORMAL-LUNG_00387_normal_429.jpg,fkarimovv/normal-lung,normal,external,unknown,Imported from 429.JPG
NORMAL-LUNG_00388,data/normal_lung_probe/NORMAL-LUNG_00388_normal_430.jpg,fkarimovv/normal-lung,normal,external,unknown,Imported from 430.JPG
NORMAL-LUNG_00389,data/normal_lung_probe/NORMAL-LUNG_00389_normal_431.jpg,fkarimovv/normal-lung,normal,external,unknown,Imported from 431.JPG
NORMAL-LUNG_00390,data/normal_lung_probe/NORMAL-LUNG_00390_normal_432.jpg,fkarimovv/normal-lung,normal,external,unknown,Imported from 432.JPG
NORMAL-LUNG_00391,data/normal_lung_probe/NORMAL-LUNG_00391_normal_433.jpg,fkarimovv/normal-lung,normal,external,unknown,Imported from 433.JPG
NORMAL-LUNG_00392,data/normal_lung_probe/NORMAL-LUNG_00392_normal_434.jpg,fkarimovv/normal-lung,normal,external,unknown,Imported from 434.JPG
NORMAL-LUNG_00393,data/normal_lung_probe/NORMAL-LUNG_00393_normal_435.jpg,fkarimovv/normal-lung,normal,external,unknown,Imported from 435.JPG
NORMAL-LUNG_00394,data/normal_lung_probe/NORMAL-LUNG_00394_normal_436.jpg,fkarimovv/normal-lung,normal,external,unknown,Imported from 436.JPG
NORMAL-LUNG_00395,data/normal_lung_probe/NORMAL-LUNG_00395_normal_437.jpg,fkarimovv/normal-lung,normal,external,unknown,Imported from 437.JPG
NORMAL-LUNG_00396,data/normal_lung_probe/NORMAL-LUNG_00396_normal_438.jpg,fkarimovv/normal-lung,normal,external,unknown,Imported from 438.JPG
NORMAL-LUNG_00397,data/normal_lung_probe/NORMAL-LUNG_00397_normal_439.jpg,fkarimovv/normal-lung,normal,external,unknown,Imported from 439.JPG
NORMAL-LUNG_00398,data/normal_lung_probe/NORMAL-LUNG_00398_normal_440.jpg,fkarimovv/normal-lung,normal,external,unknown,Imported from 440.JPG
NORMAL-LUNG_00399,data/normal_lung_probe/NORMAL-LUNG_00399_normal_441.jpg,fkarimovv/normal-lung,normal,external,unknown,Imported from 441.JPG
NORMAL-LUNG_00400,data/normal_lung_probe/NORMAL-LUNG_00400_normal_442.jpg,fkarimovv/normal-lung,normal,external,unknown,Imported from 442.JPG
NORMAL-LUNG_00401,data/normal_lung_probe/NORMAL-LUNG_00401_normal_443.jpg,fkarimovv/normal-lung,normal,external,unknown,Imported from 443.JPG
NORMAL-LUNG_00402,data/normal_lung_probe/NORMAL-LUNG_00402_normal_444.jpg,fkarimovv/normal-lung,normal,external,unknown,Imported from 444.JPG
NORMAL-LUNG_00403,data/normal_lung_probe/NORMAL-LUNG_00403_normal_446.jpg,fkarimovv/normal-lung,normal,external,unknown,Imported from 446.JPG
NORMAL-LUNG_00404,data/normal_lung_probe/NORMAL-LUNG_00404_normal_447.jpg,fkarimovv/normal-lung,normal,external,unknown,Imported from 447.JPG
NORMAL-LUNG_00405,data/normal_lung_probe/NORMAL-LUNG_00405_normal_449.jpg,fkarimovv/normal-lung,normal,external,unknown,Imported from 449.JPG
NORMAL-LUNG_00406,data/normal_lung_probe/NORMAL-LUNG_00406_normal_450.jpg,fkarimovv/normal-lung,normal,external,unknown,Imported from 450.JPG
NORMAL-LUNG_00407,data/normal_lung_probe/NORMAL-LUNG_00407_normal_451.jpg,fkarimovv/normal-lung,normal,external,unknown,Imported from 451.JPG
NORMAL-LUNG_00408,data/normal_lung_probe/NORMAL-LUNG_00408_normal_452.jpg,fkarimovv/normal-lung,normal,external,unknown,Imported from 452.JPG
NORMAL-LUNG_00409,data/normal_lung_probe/NORMAL-LUNG_00409_normal_453.jpg,fkarimovv/normal-lung,normal,external,unknown,Imported from 453.JPG
NORMAL-LUNG_00410,data/normal_lung_probe/NORMAL-LUNG_00410_normal_454.jpg,fkarimovv/normal-lung,normal,external,unknown,Imported from 454.JPG
NORMAL-LUNG_00411,data/normal_lung_probe/NORMAL-LUNG_00411_normal_455.jpg,fkarimovv/normal-lung,normal,external,unknown,Imported from 455.JPG
NORMAL-LUNG_00412,data/normal_lung_probe/NORMAL-LUNG_00412_normal_456.jpg,fkarimovv/normal-lung,normal,external,unknown,Imported from 456.JPG
NORMAL-LUNG_00413,data/normal_lung_probe/NORMAL-LUNG_00413_normal_458.jpg,fkarimovv/normal-lung,normal,external,unknown,Imported from 458.JPG
NORMAL-LUNG_00414,data/normal_lung_probe/NORMAL-LUNG_00414_normal_461.jpg,fkarimovv/normal-lung,normal,external,unknown,Imported from 461.JPG
NORMAL-LUNG_00415,data/normal_lung_probe/NORMAL-LUNG_00415_normal_462.jpg,fkarimovv/normal-lung,normal,external,unknown,Imported from 462.JPG
NORMAL-LUNG_00416,data/normal_lung_probe/NORMAL-LUNG_00416_normal_463.jpg,fkarimovv/normal-lung,normal,external,unknown,Imported from 463.JPG
NORMAL-LUNG_00417,data/normal_lung_probe/NORMAL-LUNG_00417_normal_464.jpg,fkarimovv/normal-lung,normal,external,unknown,Imported from 464.JPG
NORMAL-LUNG_00418,data/normal_lung_probe/NORMAL-LUNG_00418_normal_465.jpg,fkarimovv/normal-lung,normal,external,unknown,Imported from 465.JPG
NORMAL-LUNG_00419,data/normal_lung_probe/NORMAL-LUNG_00419_normal_466.jpg,fkarimovv/normal-lung,normal,external,unknown,Imported from 466.JPG
NORMAL-LUNG_00420,data/normal_lung_probe/NORMAL-LUNG_00420_normal_467.jpg,fkarimovv/normal-lung,normal,external,unknown,Imported from 467.JPG
NORMAL-LUNG_00421,data/normal_lung_probe/NORMAL-LUNG_00421_normal_468.jpg,fkarimovv/normal-lung,normal,external,unknown,Imported from 468.JPG
NORMAL-LUNG_00422,data/normal_lung_probe/NORMAL-LUNG_00422_normal_469.jpg,fkarimovv/normal-lung,normal,external,unknown,Imported from 469.JPG
NORMAL-LUNG_00423,data/normal_lung_probe/NORMAL-LUNG_00423_normal_470.jpg,fkarimovv/normal-lung,normal,external,unknown,Imported from 470.JPG
NORMAL-LUNG_00424,data/normal_lung_probe/NORMAL-LUNG_00424_normal_471.jpg,fkarimovv/normal-lung,normal,external,unknown,Imported from 471.JPG
NORMAL-LUNG_00425,data/normal_lung_probe/NORMAL-LUNG_00425_normal_473.jpg,fkarimovv/normal-lung,normal,external,unknown,Imported from 473.JPG
NORMAL-LUNG_00426,data/normal_lung_probe/NORMAL-LUNG_00426_normal_474.jpg,fkarimovv/normal-lung,normal,external,unknown,Imported from 474.JPG
NORMAL-LUNG_00427,data/normal_lung_probe/NORMAL-LUNG_00427_normal_475.jpg,fkarimovv/normal-lung,normal,external,unknown,Imported from 475.JPG
NORMAL-LUNG_00428,data/normal_lung_probe/NORMAL-LUNG_00428_normal_476.jpg,fkarimovv/normal-lung,normal,external,unknown,Imported from 476.JPG
NORMAL-LUNG_00429,data/normal_lung_probe/NORMAL-LUNG_00429_normal_477.jpg,fkarimovv/normal-lung,normal,external,unknown,Imported from 477.JPG
NORMAL-LUNG_00430,data/normal_lung_probe/NORMAL-LUNG_00430_normal_478.jpg,fkarimovv/normal-lung,normal,external,unknown,Imported from 478.JPG
NORMAL-LUNG_00431,data/normal_lung_probe/NORMAL-LUNG_00431_normal_479.jpg,fkarimovv/normal-lung,normal,external,unknown,Imported from 479.JPG
NORMAL-LUNG_00432,data/normal_lung_probe/NORMAL-LUNG_00432_normal_480.jpg,fkarimovv/normal-lung,normal,external,unknown,Imported from 480.JPG
NORMAL-LUNG_00433,data/normal_lung_probe/NORMAL-LUNG_00433_normal_481.jpg,fkarimovv/normal-lung,normal,external,unknown,Imported from 481.JPG
NORMAL-LUNG_00434,data/normal_lung_probe/NORMAL-LUNG_00434_normal_483.jpg,fkarimovv/normal-lung,normal,external,unknown,Imported from 483.JPG
NORMAL-LUNG_00435,data/normal_lung_probe/NORMAL-LUNG_00435_normal_484.jpg,fkarimovv/normal-lung,normal,external,unknown,Imported from 484.JPG
NORMAL-LUNG_00436,data/normal_lung_probe/NORMAL-LUNG_00436_normal_485.jpg,fkarimovv/normal-lung,normal,external,unknown,Imported from 485.JPG
NORMAL-LUNG_00437,data/normal_lung_probe/NORMAL-LUNG_00437_normal_486.jpg,fkarimovv/normal-lung,normal,external,unknown,Imported from 486.JPG
NORMAL-LUNG_00438,data/normal_lung_probe/NORMAL-LUNG_00438_normal_487.jpg,fkarimovv/normal-lung,normal,external,unknown,Imported from 487.JPG
NORMAL-LUNG_00439,data/normal_lung_probe/NORMAL-LUNG_00439_normal_488.jpg,fkarimovv/normal-lung,normal,external,unknown,Imported from 488.JPG
NORMAL-LUNG_00440,data/normal_lung_probe/NORMAL-LUNG_00440_normal_490.jpg,fkarimovv/normal-lung,normal,external,unknown,Imported from 490.JPG
NORMAL-LUNG_00441,data/normal_lung_probe/NORMAL-LUNG_00441_normal_491.jpg,fkarimovv/normal-lung,normal,external,unknown,Imported from 491.JPG
NORMAL-LUNG_00442,data/normal_lung_probe/NORMAL-LUNG_00442_normal_492.jpg,fkarimovv/normal-lung,normal,external,unknown,Imported from 492.JPG
NORMAL-LUNG_00443,data/normal_lung_probe/NORMAL-LUNG_00443_normal_493.jpg,fkarimovv/normal-lung,normal,external,unknown,Imported from 493.JPG
NORMAL-LUNG_00444,data/normal_lung_probe/NORMAL-LUNG_00444_normal_494.jpg,fkarimovv/normal-lung,normal,external,unknown,Imported from 494.JPG
NORMAL-LUNG_00445,data/normal_lung_probe/NORMAL-LUNG_00445_normal_495.jpg,fkarimovv/normal-lung,normal,external,unknown,Imported from 495.JPG
NORMAL-LUNG_00446,data/normal_lung_probe/NORMAL-LUNG_00446_normal_497.jpg,fkarimovv/normal-lung,normal,external,unknown,Imported from 497.JPG
NORMAL-LUNG_00447,data/normal_lung_probe/NORMAL-LUNG_00447_normal_498.jpg,fkarimovv/normal-lung,normal,external,unknown,Imported from 498.JPG
NORMAL-LUNG_00448,data/normal_lung_probe/NORMAL-LUNG_00448_normal_499.jpg,fkarimovv/normal-lung,normal,external,unknown,Imported from 499.JPG
NORMAL-LUNG_00449,data/normal_lung_probe/NORMAL-LUNG_00449_normal_500.jpg,fkarimovv/normal-lung,normal,external,unknown,Imported from 500.JPG
NORMAL-LUNG_00450,data/normal_lung_probe/NORMAL-LUNG_00450_normal_501.jpg,fkarimovv/normal-lung,normal,external,unknown,Imported from 501.JPG
NORMAL-LUNG_00451,data/normal_lung_probe/NORMAL-LUNG_00451_normal_502.jpg,fkarimovv/normal-lung,normal,external,unknown,Imported from 502.JPG
NORMAL-LUNG_00452,data/normal_lung_probe/NORMAL-LUNG_00452_normal_503.jpg,fkarimovv/normal-lung,normal,external,unknown,Imported from 503.JPG
NORMAL-LUNG_00453,data/normal_lung_probe/NORMAL-LUNG_00453_normal_504.jpg,fkarimovv/normal-lung,normal,external,unknown,Imported from 504.JPG
NORMAL-LUNG_00454,data/normal_lung_probe/NORMAL-LUNG_00454_normal_505.jpg,fkarimovv/normal-lung,normal,external,unknown,Imported from 505.JPG
NORMAL-LUNG_00455,data/normal_lung_probe/NORMAL-LUNG_00455_normal_506.jpg,fkarimovv/normal-lung,normal,external,unknown,Imported from 506.JPG
NORMAL-LUNG_00456,data/normal_lung_probe/NORMAL-LUNG_00456_normal_507.jpg,fkarimovv/normal-lung,normal,external,unknown,Imported from 507.JPG
NORMAL-LUNG_00457,data/normal_lung_probe/NORMAL-LUNG_00457_normal_508.jpg,fkarimovv/normal-lung,normal,external,unknown,Imported from 508.JPG
NORMAL-LUNG_00458,data/normal_lung_probe/NORMAL-LUNG_00458_normal_509.jpg,fkarimovv/normal-lung,normal,external,unknown,Imported from 509.JPG
NORMAL-LUNG_00459,data/normal_lung_probe/NORMAL-LUNG_00459_normal_510.jpg,fkarimovv/normal-lung,normal,external,unknown,Imported from 510.JPG
NORMAL-LUNG_00460,data/normal_lung_probe/NORMAL-LUNG_00460_normal_511.jpg,fkarimovv/normal-lung,normal,external,unknown,Imported from 511.JPG
NORMAL-LUNG_00461,data/normal_lung_probe/NORMAL-LUNG_00461_normal_512.jpg,fkarimovv/normal-lung,normal,external,unknown,Imported from 512.JPG
NORMAL-LUNG_00462,data/normal_lung_probe/NORMAL-LUNG_00462_normal_513.jpg,fkarimovv/normal-lung,normal,external,unknown,Imported from 513.JPG
NORMAL-LUNG_00463,data/normal_lung_probe/NORMAL-LUNG_00463_normal_514.jpg,fkarimovv/normal-lung,normal,external,unknown,Imported from 514.JPG
NORMAL-LUNG_00464,data/normal_lung_probe/NORMAL-LUNG_00464_normal_515.jpg,fkarimovv/normal-lung,normal,external,unknown,Imported from 515.JPG
NORMAL-LUNG_00465,data/normal_lung_probe/NORMAL-LUNG_00465_normal_516.jpg,fkarimovv/normal-lung,normal,external,unknown,Imported from 516.JPG
NORMAL-LUNG_00466,data/normal_lung_probe/NORMAL-LUNG_00466_normal_517.jpg,fkarimovv/normal-lung,normal,external,unknown,Imported from 517.JPG
NORMAL-LUNG_00467,data/normal_lung_probe/NORMAL-LUNG_00467_normal_518.jpg,fkarimovv/normal-lung,normal,external,unknown,Imported from 518.JPG
NORMAL-LUNG_00468,data/normal_lung_probe/NORMAL-LUNG_00468_normal_519.jpg,fkarimovv/normal-lung,normal,external,unknown,Imported from 519.JPG
NORMAL-LUNG_00469,data/normal_lung_probe/NORMAL-LUNG_00469_normal_520.jpg,fkarimovv/normal-lung,normal,external,unknown,Imported from 520.JPG
NORMAL-LUNG_00470,data/normal_lung_probe/NORMAL-LUNG_00470_normal_521.jpg,fkarimovv/normal-lung,normal,external,unknown,Imported from 521.JPG
NORMAL-LUNG_00471,data/normal_lung_probe/NORMAL-LUNG_00471_normal_522.jpg,fkarimovv/normal-lung,normal,external,unknown,Imported from 522.JPG
NORMAL-LUNG_00472,data/normal_lung_probe/NORMAL-LUNG_00472_normal_523.jpg,fkarimovv/normal-lung,normal,external,unknown,Imported from 523.JPG
NORMAL-LUNG_00473,data/normal_lung_probe/NORMAL-LUNG_00473_normal_524.jpg,fkarimovv/normal-lung,normal,external,unknown,Imported from 524.JPG
NORMAL-LUNG_00474,data/normal_lung_probe/NORMAL-LUNG_00474_normal_525.jpg,fkarimovv/normal-lung,normal,external,unknown,Imported from 525.JPG
NORMAL-LUNG_00475,data/normal_lung_probe/NORMAL-LUNG_00475_normal_526.jpg,fkarimovv/normal-lung,normal,external,unknown,Imported from 526.JPG
NORMAL-LUNG_00476,data/normal_lung_probe/NORMAL-LUNG_00476_normal_527.jpg,fkarimovv/normal-lung,normal,external,unknown,Imported from 527.JPG
NORMAL-LUNG_00477,data/normal_lung_probe/NORMAL-LUNG_00477_normal_528.jpg,fkarimovv/normal-lung,normal,external,unknown,Imported from 528.JPG
NORMAL-LUNG_00478,data/normal_lung_probe/NORMAL-LUNG_00478_normal_529.jpg,fkarimovv/normal-lung,normal,external,unknown,Imported from 529.JPG
NORMAL-LUNG_00479,data/normal_lung_probe/NORMAL-LUNG_00479_normal_531.jpg,fkarimovv/normal-lung,normal,external,unknown,Imported from 531.JPG
NORMAL-LUNG_00480,data/normal_lung_probe/NORMAL-LUNG_00480_normal_532.jpg,fkarimovv/normal-lung,normal,external,unknown,Imported from 532.JPG
NORMAL-LUNG_00481,data/normal_lung_probe/NORMAL-LUNG_00481_normal_533.jpg,fkarimovv/normal-lung,normal,external,unknown,Imported from 533.JPG
NORMAL-LUNG_00482,data/normal_lung_probe/NORMAL-LUNG_00482_normal_535.jpg,fkarimovv/normal-lung,normal,external,unknown,Imported from 535.JPG
NORMAL-LUNG_00483,data/normal_lung_probe/NORMAL-LUNG_00483_normal_536.jpg,fkarimovv/normal-lung,normal,external,unknown,Imported from 536.JPG
NORMAL-LUNG_00484,data/normal_lung_probe/NORMAL-LUNG_00484_normal_538.jpg,fkarimovv/normal-lung,normal,external,unknown,Imported from 538.JPG
NORMAL-LUNG_00485,data/normal_lung_probe/NORMAL-LUNG_00485_normal_540.jpg,fkarimovv/normal-lung,normal,external,unknown,Imported from 540.JPG
NORMAL-LUNG_00486,data/normal_lung_probe/NORMAL-LUNG_00486_normal_541.jpg,fkarimovv/normal-lung,normal,external,unknown,Imported from 541.JPG
NORMAL-LUNG_00487,data/normal_lung_probe/NORMAL-LUNG_00487_normal_543.jpg,fkarimovv/normal-lung,normal,external,unknown,Imported from 543.JPG
NORMAL-LUNG_00488,data/normal_lung_probe/NORMAL-LUNG_00488_normal_544.jpg,fkarimovv/normal-lung,normal,external,unknown,Imported from 544.JPG
NORMAL-LUNG_00489,data/normal_lung_probe/NORMAL-LUNG_00489_normal_545.jpg,fkarimovv/normal-lung,normal,external,unknown,Imported from 545.JPG
NORMAL-LUNG_00490,data/normal_lung_probe/NORMAL-LUNG_00490_normal_546.jpg,fkarimovv/normal-lung,normal,external,unknown,Imported from 546.JPG
NORMAL-LUNG_00491,data/normal_lung_probe/NORMAL-LUNG_00491_normal_547.jpg,fkarimovv/normal-lung,normal,external,unknown,Imported from 547.JPG
NORMAL-LUNG_00492,data/normal_lung_probe/NORMAL-LUNG_00492_normal_548.jpg,fkarimovv/normal-lung,normal,external,unknown,Imported from 548.JPG
NORMAL-LUNG_00493,data/normal_lung_probe/NORMAL-LUNG_00493_normal_549.jpg,fkarimovv/normal-lung,normal,external,unknown,Imported from 549.JPG
NORMAL-LUNG_00494,data/normal_lung_probe/NORMAL-LUNG_00494_normal_550.jpg,fkarimovv/normal-lung,normal,external,unknown,Imported from 550.JPG
NORMAL-LUNG_00495,data/normal_lung_probe/NORMAL-LUNG_00495_normal_551.jpg,fkarimovv/normal-lung,normal,external,unknown,Imported from 551.JPG
NORMAL-LUNG_00496,data/normal_lung_probe/NORMAL-LUNG_00496_normal_552.jpg,fkarimovv/normal-lung,normal,external,unknown,Imported from 552.JPG
NORMAL-LUNG_00497,data/normal_lung_probe/NORMAL-LUNG_00497_normal_553.jpg,fkarimovv/normal-lung,normal,external,unknown,Imported from 553.JPG
NORMAL-LUNG_00498,data/normal_lung_probe/NORMAL-LUNG_00498_normal_554.jpg,fkarimovv/normal-lung,normal,external,unknown,Imported from 554.JPG
NORMAL-LUNG_00499,data/normal_lung_probe/NORMAL-LUNG_00499_normal_555.jpg,fkarimovv/normal-lung,normal,external,unknown,Imported from 555.JPG
NORMAL-LUNG_00500,data/normal_lung_probe/NORMAL-LUNG_00500_normal_556.jpg,fkarimovv/normal-lung,normal,external,unknown,Imported from 556.JPG
NORMAL-LUNG_00501,data/normal_lung_probe/NORMAL-LUNG_00501_normal_557.jpg,fkarimovv/normal-lung,normal,external,unknown,Imported from 557.JPG
NORMAL-LUNG_00502,data/normal_lung_probe/NORMAL-LUNG_00502_normal_558.jpg,fkarimovv/normal-lung,normal,external,unknown,Imported from 558.JPG
NORMAL-LUNG_00503,data/normal_lung_probe/NORMAL-LUNG_00503_normal_559.jpg,fkarimovv/normal-lung,normal,external,unknown,Imported from 559.JPG
NORMAL-LUNG_00504,data/normal_lung_probe/NORMAL-LUNG_00504_normal_560.jpg,fkarimovv/normal-lung,normal,external,unknown,Imported from 560.JPG
NORMAL-LUNG_00505,data/normal_lung_probe/NORMAL-LUNG_00505_normal_561.jpg,fkarimovv/normal-lung,normal,external,unknown,Imported from 561.JPG
NORMAL-LUNG_00506,data/normal_lung_probe/NORMAL-LUNG_00506_normal_562.jpg,fkarimovv/normal-lung,normal,external,unknown,Imported from 562.JPG
NORMAL-LUNG_00507,data/normal_lung_probe/NORMAL-LUNG_00507_normal_564.jpg,fkarimovv/normal-lung,normal,external,unknown,Imported from 564.JPG
NORMAL-LUNG_00508,data/normal_lung_probe/NORMAL-LUNG_00508_normal_565.jpg,fkarimovv/normal-lung,normal,external,unknown,Imported from 565.JPG
NORMAL-LUNG_00509,data/normal_lung_probe/NORMAL-LUNG_00509_normal_567.jpg,fkarimovv/normal-lung,normal,external,unknown,Imported from 567.JPG
NORMAL-LUNG_00510,data/normal_lung_probe/NORMAL-LUNG_00510_normal_568.jpg,fkarimovv/normal-lung,normal,external,unknown,Imported from 568.JPG
NORMAL-LUNG_00511,data/normal_lung_probe/NORMAL-LUNG_00511_normal_569.jpg,fkarimovv/normal-lung,normal,external,unknown,Imported from 569.JPG
NORMAL-LUNG_00512,data/normal_lung_probe/NORMAL-LUNG_00512_normal_570.jpg,fkarimovv/normal-lung,normal,external,unknown,Imported from 570.JPG
NORMAL-LUNG_00513,data/normal_lung_probe/NORMAL-LUNG_00513_normal_571.jpg,fkarimovv/normal-lung,normal,external,unknown,Imported from 571.JPG
